"Date","Dernier","Ouv."," Plus Haut","Plus Bas","Vol.","Variation %"
"01/05/2026","414,44","412,80","417,11","410,43","31,37M","1,63%"
"30/04/2026","407,78","410,81","414,42","398,01","70,91M","-3,93%"
"29/04/2026","424,46","424,58","426,82","420,29","38,29M","-1,12%"
"28/04/2026","429,25","424,57","429,92","421,90","30,44M","1,04%"
"27/04/2026","424,82","422,38","427,11","417,07","30,87M","0,05%"
"24/04/2026","424,62","416,97","424,95","415,80","27,46M","2,13%"
"23/04/2026","415,75","419,89","423,66","411,41","38,31M","-3,97%"
"22/04/2026","432,92","426,18","433,70","423,67","29,38M","2,07%"
"21/04/2026","424,16","420,24","427,18","417,20","32,05M","1,46%"
"20/04/2026","418,07","421,14","423,33","416,30","27,58M","-1,12%"
"17/04/2026","422,79","424,82","431,58","420,69","48,57M","0,60%"
"16/04/2026","420,26","419,86","420,82","412,14","41,64M","2,20%"
"15/04/2026","411,22","398,00","414,37","396,73","45,06M","4,61%"
"14/04/2026","393,11","387,92","394,69","386,52","37,50M","2,27%"
"13/04/2026","384,37","373,61","384,54","371,02","35,75M","3,64%"
"10/04/2026","370,87","372,98","375,64","370,03","28,11M","-0,59%"
"09/04/2026","373,07","372,50","373,50","367,05","30,44M","-0,34%"
"08/04/2026","374,33","384,98","385,00","371,41","33,06M","0,55%"
"07/04/2026","372,29","370,34","372,45","366,56","21,44M","-0,16%"
"06/04/2026","372,88","373,49","373,73","369,50","16,15M","-0,16%"
"02/04/2026","373,46","367,20","373,64","364,15","24,10M","1,11%"
"01/04/2026","369,37","373,49","373,99","368,20","29,42M","-0,22%"
"31/03/2026","370,17","364,55","372,90","363,07","45,24M","3,12%"
"30/03/2026","358,96","361,89","365,36","356,28","44,80M","0,61%"
"27/03/2026","356,77","361,90","362,45","356,51","37,88M","-2,51%"
"26/03/2026","365,97","370,82","374,72","365,19","36,84M","-1,37%"
"25/03/2026","371,04","376,92","377,06","369,63","31,18M","-0,46%"
"24/03/2026","372,74","382,36","382,47","371,85","42,73M","-2,68%"
"23/03/2026","383,00","383,90","387,21","381,68","29,68M","0,30%"
"20/03/2026","381,87","386,79","387,00","380,12","50,85M","-1,84%"
"19/03/2026","389,02","390,10","392,49","387,06","25,14M","-0,71%"
"18/03/2026","391,79","397,13","398,00","391,00","25,91M","-1,91%"
"17/03/2026","399,41","400,27","404,40","397,74","26,23M","-0,14%"
"16/03/2026","399,95","398,07","400,63","394,79","27,73M","1,11%"
"13/03/2026","395,55","401,00","404,80","394,25","26,85M","-1,57%"
"12/03/2026","401,86","404,63","406,12","401,71","27,26M","-0,75%"
"11/03/2026","404,88","405,57","409,01","401,59","25,51M","-0,22%"
"10/03/2026","405,76","410,03","410,20","402,93","31,71M","-0,89%"
"09/03/2026","409,41","404,92","410,21","403,50","30,13M","0,11%"
"06/03/2026","408,96","409,20","413,05","408,51","31,12M","-0,42%"
"05/03/2026","410,68","404,42","411,61","404,40","39,00M","1,35%"
"04/03/2026","405,20","401,27","411,03","400,31","35,81M","0,31%"
"03/03/2026","403,93","393,14","406,70","392,67","38,20M","1,35%"
"02/03/2026","398,55","392,86","401,19","390,63","35,47M","1,48%"
"27/02/2026","392,74","390,88","396,82","389,88","51,37M","-2,24%"
"26/02/2026","401,72","404,71","407,49","398,74","34,41M","0,28%"
"25/02/2026","400,60","390,52","401,47","390,16","43,63M","2,98%"
"24/02/2026","389,00","384,14","389,36","381,71","33,88M","1,18%"
"23/02/2026","384,47","395,00","395,36","383,10","43,24M","-3,21%"
"20/02/2026","397,23","396,11","400,12","395,16","34,02M","-0,31%"
"19/02/2026","398,46","400,69","404,43","396,67","28,23M","-0,29%"
"18/02/2026","399,60","398,13","402,56","396,32","23,22M","0,69%"
"17/02/2026","396,86","399,22","400,52","394,52","32,08M","-1,11%"
"13/02/2026","401,32","404,45","405,54","398,05","34,09M","-0,13%"
"12/02/2026","401,84","405,00","406,20","398,01","40,80M","-0,63%"
"11/02/2026","404,37","416,17","416,46","401,01","42,49M","-2,15%"
"10/02/2026","413,27","419,62","423,68","412,70","44,86M","-0,08%"
"09/02/2026","413,60","404,85","414,89","400,87","45,48M","3,11%"
"06/02/2026","401,14","399,17","401,79","392,92","53,52M","1,90%"
"05/02/2026","393,67","407,44","408,30","392,32","66,29M","-4,95%"
"04/02/2026","414,19","411,00","419,80","409,24","45,01M","0,72%"
"03/02/2026","411,21","422,01","422,05","408,56","61,42M","-2,87%"
"02/02/2026","423,37","430,23","430,74","422,25","42,22M","-1,61%"
"30/01/2026","430,29","439,17","439,60","426,45","58,57M","-0,74%"
"29/01/2026","433,50","439,99","442,50","421,02","128,86M","-9,99%"
"28/01/2026","481,63","483,21","483,74","478,00","36,88M","0,22%"
"27/01/2026","480,58","473,70","482,87","473,16","29,21M","2,19%"
"26/01/2026","470,28","465,30","474,25","462,00","29,29M","0,93%"
"23/01/2026","465,95","451,87","471,10","450,53","38,00M","3,28%"
"22/01/2026","451,14","447,62","452,84","444,70","25,35M","1,58%"
"21/01/2026","444,11","452,60","452,69","438,68","37,98M","-2,29%"
"20/01/2026","454,52","451,21","456,80","449,28","26,13M","-1,16%"
"16/01/2026","459,86","457,83","463,19","456,48","34,25M","0,70%"
"15/01/2026","456,66","464,12","464,25","455,90","23,23M","-0,59%"
"14/01/2026","459,38","466,46","468,20","457,17","28,18M","-2,40%"
"13/01/2026","470,67","474,67","475,78","465,95","28,55M","-1,36%"
"12/01/2026","477,18","476,67","480,99","475,68","23,52M","-0,44%"
"09/01/2026","479,28","474,06","479,82","472,20","18,49M","0,24%"
"08/01/2026","478,11","481,24","482,66","475,86","18,16M","-1,11%"
"07/01/2026","483,47","479,76","489,70","477,95","25,56M","1,04%"
"06/01/2026","478,51","473,80","478,74","469,75","23,04M","1,20%"
"05/01/2026","472,85","474,05","476,07","469,50","25,25M","-0,02%"
"02/01/2026","472,94","484,39","484,66","470,16","25,57M","-2,21%"
"31/12/2025","483,62","487,84","488,14","483,30","15,60M","-0,79%"
"30/12/2025","487,48","485,93","489,68","485,50","13,94M","0,08%"
"29/12/2025","487,10","484,86","488,35","484,18","10,89M","-0,13%"
"26/12/2025","487,71","486,70","488,12","485,96","8,84M","-0,06%"
"24/12/2025","488,02","485,68","489,16","484,83","5,86M","0,24%"
"23/12/2025","486,85","484,98","487,83","484,74","14,68M","0,40%"
"22/12/2025","484,92","486,12","488,73","482,69","16,96M","-0,21%"
"19/12/2025","485,92","487,36","487,85","482,49","70,84M","0,40%"
"18/12/2025","483,98","478,19","489,60","477,89","28,57M","1,65%"
"17/12/2025","476,12","476,90","480,00","475,00","24,53M","-0,06%"
"16/12/2025","476,39","471,90","477,89","470,88","20,71M","0,33%"
"15/12/2025","474,82","480,10","480,72","472,52","23,73M","-0,78%"
"12/12/2025","478,53","479,82","482,45","476,34","21,25M","-1,02%"
"11/12/2025","483,47","476,63","486,03","475,86","24,67M","1,03%"
"10/12/2025","478,56","484,03","484,25","475,08","35,76M","-2,74%"
"09/12/2025","492,02","489,10","492,12","488,50","14,70M","0,20%"
"08/12/2025","491,02","484,89","492,30","484,38","21,97M","1,63%"
"05/12/2025","483,16","482,52","483,40","478,88","22,61M","0,48%"
"04/12/2025","480,84","479,76","481,32","476,49","22,32M","0,65%"
"03/12/2025","477,73","476,32","484,24","475,20","34,62M","-2,50%"
"02/12/2025","490,00","486,71","493,50","486,32","19,56M","0,67%"
"01/12/2025","486,74","488,43","489,86","484,65","23,96M","-1,07%"
"28/11/2025","492,01","487,60","492,63","486,65","14,39M","1,34%"
"26/11/2025","485,50","486,31","488,31","481,20","25,71M","1,78%"
"25/11/2025","476,99","474,07","479,15","464,89","28,02M","0,63%"
"24/11/2025","474,00","475,00","476,90","468,02","34,42M","0,40%"
"21/11/2025","472,12","478,50","478,92","468,27","31,77M","-1,32%"
"20/11/2025","478,43","492,71","493,57","475,50","26,80M","-1,78%"
"19/11/2025","487,12","490,10","495,19","482,83","23,25M","-1,35%"
"18/11/2025","493,79","495,36","502,98","486,78","33,82M","-2,70%"
"17/11/2025","507,49","508,45","512,12","504,91","19,09M","-0,53%"
"14/11/2025","510,18","498,23","511,60","497,44","28,51M","1,37%"
"13/11/2025","503,29","510,31","513,50","501,29","25,27M","-1,54%"
"12/11/2025","511,14","509,36","511,67","499,12","26,57M","0,48%"
"11/11/2025","508,68","504,80","509,60","502,35","17,98M","0,53%"
"10/11/2025","506,00","500,04","506,85","498,80","26,10M","1,85%"
"07/11/2025","496,82","496,95","499,38","493,25","24,02M","-0,06%"
"06/11/2025","497,10","505,66","505,70","495,81","27,41M","-1,98%"
"05/11/2025","507,16","513,30","514,83","506,58","23,02M","-1,39%"
"04/11/2025","514,33","511,76","515,55","507,84","20,96M","-0,52%"
"03/11/2025","517,03","519,80","524,96","514,59","22,37M","-0,15%"
"31/10/2025","517,81","528,88","529,32","515,10","34,01M","-1,51%"
"30/10/2025","525,76","530,48","534,97","522,12","41,02M","-2,92%"
"29/10/2025","541,55","544,94","546,27","536,73","36,02M","-0,10%"
"28/10/2025","542,07","550,00","553,72","540,77","29,99M","1,98%"
"27/10/2025","531,52","531,78","534,58","529,01","18,73M","1,51%"
"24/10/2025","523,61","522,79","525,34","520,71","15,53M","0,59%"
"23/10/2025","520,56","522,46","523,95","518,61","14,02M","0,00%"
"22/10/2025","520,54","521,15","525,23","517,71","18,96M","0,56%"
"21/10/2025","517,66","517,50","518,69","513,04","15,59M","0,17%"
"20/10/2025","516,79","514,61","518,70","513,43","14,67M","0,63%"
"17/10/2025","513,58","509,04","515,48","507,31","19,87M","0,39%"
"16/10/2025","511,61","512,58","516,85","508,13","15,56M","-0,35%"
"15/10/2025","513,43","514,96","517,19","510,00","14,69M","-0,03%"
"14/10/2025","513,57","510,23","515,28","506,00","14,68M","-0,09%"
"13/10/2025","514,05","516,41","516,41","511,68","14,28M","0,60%"
"10/10/2025","510,96","519,64","523,58","509,63","24,13M","-2,19%"
"09/10/2025","522,40","522,34","524,33","517,40","18,34M","-0,47%"
"08/10/2025","524,85","523,28","526,95","523,09","13,36M","0,17%"
"07/10/2025","523,98","528,28","529,80","521,44","14,62M","-0,87%"
"06/10/2025","528,57","518,61","531,03","518,20","21,39M","2,17%"
"03/10/2025","517,35","517,10","520,49","515,00","15,11M","0,31%"
"02/10/2025","515,74","517,64","521,60","510,68","21,22M","-0,76%"
"01/10/2025","519,71","514,80","520,51","511,69","22,63M","0,34%"
"30/09/2025","517,95","513,24","518,16","509,66","19,73M","0,65%"
"29/09/2025","514,60","511,50","516,84","508,88","17,62M","0,61%"
"26/09/2025","511,46","510,06","513,94","506,62","16,21M","0,87%"
"25/09/2025","507,03","508,30","510,01","505,04","15,79M","-0,61%"
"24/09/2025","510,15","510,38","512,48","506,92","13,53M","0,18%"
"23/09/2025","509,23","513,80","514,59","507,31","19,80M","-1,01%"
"22/09/2025","514,45","515,59","517,74","512,54","20,01M","-0,67%"
"19/09/2025","517,93","510,56","519,30","510,31","52,47M","1,86%"
"18/09/2025","508,45","511,49","513,07","507,66","18,91M","-0,31%"
"17/09/2025","510,02","510,62","511,29","505,93","15,82M","0,19%"
"16/09/2025","509,04","516,88","517,23","508,60","19,71M","-1,23%"
"15/09/2025","515,36","508,79","515,47","507,00","17,14M","1,07%"
"12/09/2025","509,90","506,65","512,55","503,85","23,62M","1,77%"
"11/09/2025","501,01","502,25","503,17","497,88","18,88M","0,13%"
"10/09/2025","500,37","502,98","503,23","496,72","21,61M","0,39%"
"09/09/2025","498,41","501,43","502,25","497,70","14,41M","0,04%"
"08/09/2025","498,20","498,11","501,20","495,03","16,77M","0,65%"
"05/09/2025","495,00","509,07","511,97","492,37","31,99M","-2,55%"
"04/09/2025","507,97","504,30","508,15","503,15","15,51M","0,52%"
"03/09/2025","505,35","503,79","507,79","502,32","16,35M","0,05%"
"02/09/2025","505,12","500,46","506,00","496,81","18,13M","-0,31%"
"29/08/2025","506,69","508,66","509,60","504,49","20,96M","-0,58%"
"28/08/2025","509,64","507,09","511,09","505,50","18,02M","0,57%"
"27/08/2025","506,74","502,00","507,29","499,90","17,28M","0,94%"
"26/08/2025","502,04","504,36","504,98","498,51","30,84M","-0,44%"
"25/08/2025","504,26","506,63","508,19","504,12","21,64M","-0,59%"
"22/08/2025","507,23","504,25","510,73","502,41","24,32M","0,59%"
"21/08/2025","504,24","503,69","507,63","502,72","18,44M","-0,29%"
"20/08/2025","505,72","509,86","511,00","504,44","27,72M","-0,79%"
"19/08/2025","509,77","515,00","515,16","508,55","21,48M","-1,42%"
"18/08/2025","517,10","521,59","522,82","514,02","23,76M","-0,59%"
"15/08/2025","520,17","522,77","526,10","519,08","25,21M","-0,44%"
"14/08/2025","522,48","522,56","525,95","520,14","20,27M","0,36%"
"13/08/2025","520,58","532,11","532,70","519,37","19,62M","-1,64%"
"12/08/2025","529,24","523,75","530,98","522,70","18,69M","1,43%"
"11/08/2025","521,77","522,30","527,59","519,72","20,19M","-0,05%"
"08/08/2025","522,04","522,60","524,66","519,41","15,53M","0,23%"
"07/08/2025","520,84","526,80","528,09","517,55","16,08M","-0,78%"
"06/08/2025","524,94","530,90","531,70","524,03","21,36M","-0,53%"
"05/08/2025","527,75","537,18","537,30","527,24","19,17M","-1,47%"
"04/08/2025","535,64","528,27","538,25","528,13","25,35M","2,20%"
"01/08/2025","524,11","535,00","535,80","520,86","28,98M","-1,76%"
"31/07/2025","533,50","555,22","555,45","531,90","51,62M","3,95%"
"30/07/2025","513,24","515,17","515,95","509,43","26,38M","0,13%"
"29/07/2025","512,57","515,53","517,62","511,56","16,47M","0,01%"
"28/07/2025","512,50","514,08","515,00","510,12","14,31M","-0,24%"
"25/07/2025","513,71","512,47","518,29","510,36","19,13M","0,55%"
"24/07/2025","510,88","508,77","513,67","507,30","16,11M","0,99%"
"23/07/2025","505,87","506,75","506,79","500,70","16,40M","0,12%"
"22/07/2025","505,27","510,97","511,20","505,27","13,87M","-0,94%"
"21/07/2025","510,06","506,70","512,09","505,55","14,07M","0,00%"
"18/07/2025","510,05","514,48","514,64","507,43","21,21M","-0,32%"
"17/07/2025","511,70","505,68","513,37","505,62","17,50M","1,20%"
"16/07/2025","505,62","505,18","506,72","501,89","15,15M","-0,04%"
"15/07/2025","505,82","503,02","508,30","502,79","14,93M","0,56%"
"14/07/2025","503,02","501,52","503,97","501,03","12,06M","-0,06%"
"11/07/2025","503,32","498,47","505,03","497,80","16,46M","0,37%"
"10/07/2025","501,48","503,05","504,44","497,75","16,50M","-0,40%"
"09/07/2025","503,51","500,30","506,78","499,74","18,66M","1,39%"
"08/07/2025","496,62","497,24","498,20","494,11","11,85M","-0,22%"
"07/07/2025","497,72","497,38","498,75","495,23","13,98M","-0,22%"
"03/07/2025","498,84","493,81","500,13","493,44","13,98M","1,58%"
"02/07/2025","491,09","489,99","493,50","488,70","16,32M","-0,20%"
"01/07/2025","492,05","496,47","498,05","490,98","19,95M","-1,08%"
"30/06/2025","497,41","497,04","500,76","495,33","28,37M","0,30%"
"27/06/2025","495,94","497,55","499,30","493,03","34,54M","-0,30%"
"26/06/2025","497,45","492,98","498,04","492,81","21,58M","1,05%"
"25/06/2025","492,27","492,04","494,56","489,39","17,50M","0,44%"
"24/06/2025","490,11","488,95","491,85","486,80","22,31M","0,85%"
"23/06/2025","486,00","478,21","487,75","472,51","24,86M","1,80%"
"20/06/2025","477,40","482,23","483,46","476,87","37,58M","-0,59%"
"18/06/2025","480,24","478,00","481,00","474,46","17,53M","0,46%"
"17/06/2025","478,04","475,39","478,74","474,08","15,41M","-0,23%"
"16/06/2025","479,14","475,21","480,69","475,00","15,63M","0,88%"
"13/06/2025","474,96","476,41","479,18","472,76","16,81M","-0,82%"
"12/06/2025","478,87","475,02","480,42","473,52","18,95M","1,32%"
"11/06/2025","472,62","470,02","475,47","469,65","16,40M","0,36%"
"10/06/2025","470,92","471,18","472,80","466,96","15,38M","-0,39%"
"09/06/2025","472,75","469,70","473,43","468,62","16,47M","0,50%"
"06/06/2025","470,38","470,08","473,33","468,78","15,29M","0,58%"
"05/06/2025","467,68","464,95","469,65","464,03","20,15M","0,82%"
"04/06/2025","463,87","464,00","465,69","463,02","14,16M","0,19%"
"03/06/2025","462,97","461,47","464,14","460,86","15,74M","0,22%"
"02/06/2025","461,97","457,14","462,11","456,89","16,63M","0,35%"
"30/05/2025","460,36","459,71","461,68","455,54","34,77M","0,37%"
"29/05/2025","458,68","461,55","461,72","455,31","13,98M","0,29%"
"28/05/2025","457,36","461,22","462,52","456,93","17,09M","-0,72%"
"27/05/2025","460,69","456,48","460,95","456,11","20,97M","2,33%"
"23/05/2025","450,18","449,98","453,69","448,91","16,88M","-1,03%"
"22/05/2025","454,86","454,95","460,25","453,90","18,03M","0,51%"
"21/05/2025","452,57","454,57","457,78","451,81","19,22M","-1,22%"
"20/05/2025","458,17","455,59","458,34","454,32","15,44M","-0,15%"
"19/05/2025","458,87","450,88","459,58","450,80","21,34M","1,01%"
"16/05/2025","454,27","452,05","454,36","448,73","23,85M","0,25%"
"15/05/2025","453,13","450,77","456,19","450,43","21,99M","0,04%"
"14/05/2025","452,94","448,14","453,90","448,14","19,90M","0,85%"
"13/05/2025","449,14","447,78","450,67","445,36","23,62M","-0,03%"
"12/05/2025","449,26","445,94","449,37","439,78","22,82M","2,40%"
"09/05/2025","438,73","440,00","440,74","435,88","15,32M","0,13%"
"08/05/2025","438,17","437,93","443,67","435,66","23,49M","1,11%"
"07/05/2025","433,35","433,84","438,12","431,11","23,31M","0,01%"
"06/05/2025","433,31","432,20","437,73","431,17","15,10M","-0,66%"
"05/05/2025","436,17","432,87","439,50","432,11","20,14M","0,20%"
"02/05/2025","435,28","431,74","439,44","429,98","30,76M","2,32%"
"01/05/2025","425,40","431,11","436,99","424,90","58,94M","7,63%"
"30/04/2025","395,26","390,30","396,66","384,44","36,46M","0,31%"
"29/04/2025","394,04","391,30","395,10","390,38","14,97M","0,74%"
"28/04/2025","391,16","391,95","392,74","386,64","16,58M","-0,18%"
"25/04/2025","391,85","387,00","392,16","384,60","18,97M","1,17%"
"24/04/2025","387,30","375,70","388,45","375,19","22,23M","3,45%"
"23/04/2025","374,39","376,06","380,39","373,02","20,55M","2,06%"
"22/04/2025","366,82","363,38","367,77","359,86","19,48M","2,14%"
"21/04/2025","359,12","362,82","364,48","355,67","20,81M","-2,35%"
"17/04/2025","367,78","373,74","374,32","366,89","21,12M","-1,03%"
"16/04/2025","371,61","380,67","381,61","368,00","21,97M","-3,66%"
"15/04/2025","385,73","388,51","391,89","384,16","17,20M","-0,54%"
"14/04/2025","387,81","393,22","394,65","384,21","19,25M","-0,16%"
"11/04/2025","388,45","380,64","390,05","378,89","23,84M","1,86%"
"10/04/2025","381,35","382,06","383,90","367,80","38,02M","-2,34%"
"09/04/2025","390,49","353,54","393,23","353,10","50,20M","10,13%"
"08/04/2025","354,56","368,26","373,65","350,25","35,87M","-0,92%"
"07/04/2025","357,86","350,88","371,00","344,79","50,43M","-0,55%"
"04/04/2025","359,84","364,13","374,59","359,48","49,21M","-3,56%"
"03/04/2025","373,11","374,79","377,48","369,35","30,20M","-2,36%"
"02/04/2025","382,14","377,96","385,08","376,62","16,09M","-0,01%"
"01/04/2025","382,19","374,65","382,85","373,23","19,69M","1,81%"
"31/03/2025","375,39","372,54","377,07","367,24","35,18M","-0,90%"
"28/03/2025","378,80","388,08","389,13","376,93","21,63M","-3,02%"
"27/03/2025","390,58","390,13","392,24","387,39","13,77M","0,16%"
"26/03/2025","389,97","395,00","395,31","388,57","16,13M","-1,31%"
"25/03/2025","395,16","393,92","396,36","392,64","15,77M","0,53%"
"24/03/2025","393,08","395,40","395,40","389,81","21,00M","0,47%"
"21/03/2025","391,26","383,21","391,74","382,80","39,68M","1,14%"
"20/03/2025","386,84","385,73","391,79","383,28","18,47M","-0,25%"
"19/03/2025","387,82","385,52","389,68","384,00","19,19M","1,12%"
"18/03/2025","383,52","387,07","387,37","381,10","19,49M","-1,33%"
"17/03/2025","388,70","386,70","392,70","385,57","22,47M","0,04%"
"14/03/2025","388,56","379,77","390,23","379,51","19,95M","2,58%"
"13/03/2025","378,77","383,15","385,32","377,45","20,47M","-1,17%"
"12/03/2025","383,27","382,95","385,22","378,95","24,25M","0,74%"
"11/03/2025","380,45","379,00","386,00","376,91","30,38M","0,08%"
"10/03/2025","380,16","385,84","386,40","377,22","32,84M","-3,34%"
"07/03/2025","393,31","392,32","394,80","385,54","22,03M","-0,90%"
"06/03/2025","396,89","394,28","402,15","392,68","23,30M","-1,03%"
"05/03/2025","401,02","389,34","401,67","388,81","23,43M","3,19%"
"04/03/2025","388,61","383,40","392,58","381,00","29,34M","0,03%"
"03/03/2025","388,49","398,82","398,82","386,15","23,01M","-2,14%"
"28/02/2025","396,99","392,65","397,63","386,57","32,85M","1,14%"
"27/02/2025","392,53","401,27","405,74","392,17","21,13M","-1,80%"
"26/02/2025","399,73","398,01","403,60","394,24","19,62M","0,46%"
"25/02/2025","397,90","401,10","401,92","396,70","29,39M","-1,51%"
"24/02/2025","404,00","408,51","409,37","399,32","26,44M","-1,03%"
"21/02/2025","408,21","417,33","418,05","407,89","27,52M","-1,90%"
"20/02/2025","416,13","415,29","419,31","412,54","23,51M","0,33%"
"19/02/2025","414,77","407,88","415,49","407,65","24,11M","1,25%"
"18/02/2025","409,64","408,00","410,60","406,50","21,42M","0,30%"
"14/02/2025","408,43","407,79","408,91","405,88","22,76M","-0,51%"
"13/02/2025","410,54","407,00","411,00","406,36","23,89M","0,37%"
"12/02/2025","409,04","407,21","410,75","404,37","19,12M","-0,58%"
"11/02/2025","411,44","409,64","412,49","409,30","18,14M","-0,19%"
"10/02/2025","412,22","413,71","415,46","410,92","20,82M","0,60%"
"07/02/2025","409,75","416,48","418,65","408,10","22,89M","-1,46%"
"06/02/2025","415,82","414,00","418,20","414,00","16,31M","0,61%"
"05/02/2025","413,29","412,35","413,83","410,40","16,34M","0,22%"
"04/02/2025","412,37","412,68","413,92","409,74","20,53M","0,35%"
"03/02/2025","410,92","411,60","415,41","408,66","25,68M","-1,00%"
"31/01/2025","415,06","418,98","420,69","414,91","34,22M","0,02%"
"30/01/2025","414,99","418,77","422,86","413,16","54,59M","-6,18%"
"29/01/2025","442,33","446,69","446,88","440,40","23,58M","-1,09%"
"28/01/2025","447,20","434,60","448,38","431,38","23,49M","2,91%"
"27/01/2025","434,56","424,01","435,20","423,50","35,65M","-2,14%"
"24/01/2025","444,06","445,16","446,65","441,40","15,55M","-0,59%"
"23/01/2025","446,71","442,00","446,75","441,50","18,39M","0,11%"
"22/01/2025","446,20","437,56","447,27","436,00","27,80M","4,13%"
"21/01/2025","428,50","430,20","430,90","425,60","26,09M","-0,12%"
"17/01/2025","429,03","434,08","434,48","428,17","26,20M","1,05%"
"16/01/2025","424,58","428,70","429,49","424,39","15,30M","-0,41%"
"15/01/2025","426,31","419,13","428,15","418,27","19,64M","2,56%"
"14/01/2025","415,67","417,81","419,74","410,72","16,94M","-0,36%"
"13/01/2025","417,19","415,23","418,50","412,29","17,60M","-0,42%"
"10/01/2025","418,95","424,63","424,71","415,02","20,20M","-1,32%"
"08/01/2025","424,56","423,46","426,97","421,54","15,05M","0,52%"
"07/01/2025","422,37","429,00","430,65","420,80","18,14M","-1,28%"
"06/01/2025","427,85","428,00","434,32","425,48","20,57M","1,06%"
"03/01/2025","423,35","421,08","424,03","419,54","16,66M","1,14%"
"02/01/2025","418,58","425,53","426,07","414,85","16,90M","-0,69%"
"31/12/2024","421,50","426,10","426,73","420,66","13,25M","-0,78%"
"30/12/2024","424,83","426,06","427,55","421,90","13,16M","-1,32%"
"27/12/2024","430,53","434,60","435,22","426,35","18,12M","-1,73%"
"26/12/2024","438,11","439,08","440,94","436,63","8,20M","-0,28%"
"24/12/2024","439,33","434,65","439,60","434,19","7,16M","0,94%"
"23/12/2024","435,25","436,74","437,65","432,83","19,15M","-0,31%"
"20/12/2024","436,60","433,11","443,74","428,63","64,26M","-0,10%"
"19/12/2024","437,03","441,62","443,18","436,32","22,96M","-0,08%"
"18/12/2024","437,39","451,32","452,65","437,02","24,44M","-3,76%"
"17/12/2024","454,46","451,01","455,29","449,57","22,73M","0,64%"
"16/12/2024","451,59","447,27","452,18","445,28","23,60M","0,97%"
"13/12/2024","447,27","448,43","451,43","445,58","20,18M","-0,51%"
"12/12/2024","449,56","449,11","456,16","449,11","20,83M","0,13%"
"11/12/2024","448,99","444,05","450,35","444,05","19,20M","1,28%"
"10/12/2024","443,33","444,39","449,62","441,60","18,47M","-0,60%"
"09/12/2024","446,02","442,60","448,33","440,50","19,14M","0,55%"
"06/12/2024","443,57","442,30","446,10","441,77","18,82M","0,21%"
"05/12/2024","442,62","437,92","444,66","436,17","21,70M","1,19%"
"04/12/2024","437,42","433,03","439,67","432,63","26,01M","1,44%"
"03/12/2024","431,20","429,84","432,47","427,74","18,30M","0,05%"
"02/12/2024","430,98","421,57","433,00","421,31","20,21M","1,78%"
"29/11/2024","423,46","420,09","424,88","417,80","16,27M","0,11%"
"27/11/2024","422,99","425,11","427,23","422,02","18,33M","-1,17%"
"26/11/2024","427,99","419,58","429,04","418,85","23,46M","2,20%"
"25/11/2024","418,79","418,38","421,08","414,85","27,69M","0,43%"
"22/11/2024","417,00","411,36","417,40","411,06","24,81M","1,00%"
"21/11/2024","412,87","419,50","419,78","410,29","20,78M","-0,63%"
"20/11/2024","415,49","416,87","417,29","410,58","19,19M","-0,55%"
"19/11/2024","417,79","413,11","417,94","411,55","18,13M","0,49%"
"18/11/2024","415,76","414,87","418,40","412,10","24,74M","0,18%"
"15/11/2024","415,00","419,82","422,80","413,64","28,25M","-2,79%"
"14/11/2024","426,89","425,00","428,17","420,00","30,25M","0,40%"
"13/11/2024","425,20","421,64","429,33","418,21","21,50M","0,51%"
"12/11/2024","423,03","418,25","424,44","417,20","19,40M","1,20%"
"11/11/2024","418,01","422,52","424,81","416,00","24,50M","-1,07%"
"08/11/2024","422,54","425,32","426,50","421,78","16,89M","-0,68%"
"07/11/2024","425,43","421,28","426,85","419,88","19,90M","1,25%"
"06/11/2024","420,18","412,42","420,45","410,52","26,68M","2,12%"
"05/11/2024","411,46","408,37","414,90","408,08","17,63M","0,73%"
"04/11/2024","408,46","409,80","410,42","405,57","19,67M","-0,47%"
"01/11/2024","410,37","409,01","415,50","407,50","24,23M","0,99%"
"31/10/2024","406,35","415,36","416,16","406,30","53,97M","-6,05%"
"30/10/2024","432,53","437,43","438,50","432,10","29,75M","0,13%"
"29/10/2024","431,95","428,00","433,17","425,80","17,64M","1,26%"
"28/10/2024","426,59","431,65","431,94","426,30","14,88M","-0,36%"
"25/10/2024","428,15","426,76","432,52","426,57","16,90M","0,81%"
"24/10/2024","424,73","425,33","425,98","422,40","13,58M","0,03%"
"23/10/2024","424,60","430,86","431,08","422,53","19,65M","-0,68%"
"22/10/2024","427,51","418,49","430,58","418,04","25,48M","2,08%"
"21/10/2024","418,78","416,12","418,96","413,75","14,21M","0,15%"
"18/10/2024","418,16","417,14","419,65","416,26","17,15M","0,35%"
"17/10/2024","416,72","422,36","422,50","415,59","14,82M","0,14%"
"16/10/2024","416,12","415,17","416,36","410,48","15,51M","-0,63%"
"15/10/2024","418,74","422,18","422,48","415,26","18,90M","-0,10%"
"14/10/2024","419,14","417,77","424,04","417,52","16,65M","0,68%"
"11/10/2024","416,32","416,14","417,13","413,25","14,14M","0,12%"
"10/10/2024","415,84","415,23","417,35","413,15","13,85M","-0,39%"
"09/10/2024","417,46","415,86","420,38","414,30","14,97M","0,66%"
"08/10/2024","414,71","410,90","415,66","408,17","19,23M","1,26%"
"07/10/2024","409,54","416,00","417,11","409,00","20,92M","-1,57%"
"04/10/2024","416,06","418,24","419,75","414,97","19,19M","-0,12%"
"03/10/2024","416,54","417,63","419,55","414,29","13,69M","-0,14%"
"02/10/2024","417,13","422,58","422,82","416,71","16,58M","-0,85%"
"01/10/2024","420,69","428,45","428,48","418,81","19,09M","-2,23%"
"30/09/2024","430,30","428,21","430,42","425,37","16,85M","0,53%"
"27/09/2024","428,02","431,52","431,85","427,47","14,90M","-0,76%"
"26/09/2024","431,31","435,08","435,30","429,13","14,49M","-0,19%"
"25/09/2024","432,11","429,83","433,12","428,57","13,40M","0,69%"
"24/09/2024","429,17","433,00","433,35","426,10","17,02M","-1,00%"
"23/09/2024","433,51","434,28","436,46","430,39","15,13M","-0,40%"
"20/09/2024","435,27","437,22","439,24","434,22","55,17M","-0,78%"
"19/09/2024","438,69","441,23","441,50","436,90","21,71M","1,83%"
"18/09/2024","430,81","435,00","436,03","430,41","18,90M","-1,00%"
"17/09/2024","435,15","440,23","441,85","432,27","18,87M","0,88%"
"16/09/2024","431,34","430,60","433,53","428,22","13,83M","0,17%"
"13/09/2024","430,59","425,83","431,83","425,46","15,87M","0,84%"
"12/09/2024","427,00","423,31","427,37","419,75","17,42M","0,94%"
"11/09/2024","423,04","415,50","423,99","409,58","19,27M","2,13%"
"10/09/2024","414,20","408,20","416,33","407,70","19,59M","2,09%"
"09/09/2024","405,72","407,24","408,65","402,15","15,30M","1,00%"
"06/09/2024","401,70","409,06","410,65","400,80","19,61M","-1,64%"
"05/09/2024","408,39","407,62","413,10","406,13","14,20M","-0,12%"
"04/09/2024","408,90","405,91","411,24","404,37","15,14M","-0,13%"
"03/09/2024","409,44","417,91","419,88","407,03","20,31M","-1,85%"
"30/08/2024","417,14","415,60","417,49","412,13","24,31M","0,97%"
"29/08/2024","413,12","414,94","422,05","410,60","17,05M","0,61%"
"28/08/2024","410,60","414,88","415,00","407,31","14,88M","-0,78%"
"27/08/2024","413,84","412,86","414,36","410,25","13,49M","0,08%"
"26/08/2024","413,49","416,36","417,28","411,34","13,15M","-0,79%"
"23/08/2024","416,79","416,98","419,26","412,09","18,49M","0,30%"
"22/08/2024","415,55","424,36","426,79","414,61","19,36M","-2,03%"
"21/08/2024","424,14","424,08","426,40","421,72","16,07M","-0,16%"
"20/08/2024","424,80","421,70","425,86","421,64","16,39M","0,78%"
"19/08/2024","421,53","418,96","421,75","416,46","15,23M","0,73%"
"16/08/2024","418,47","420,60","421,34","417,30","22,78M","-0,61%"
"15/08/2024","421,03","419,80","421,11","417,66","20,75M","1,00%"
"14/08/2024","416,86","414,80","417,72","412,45","18,27M","0,69%"
"13/08/2024","414,01","409,59","414,95","409,57","19,41M","1,77%"
"12/08/2024","406,81","407,06","408,76","404,24","16,76M","0,19%"
"09/08/2024","406,02","404,03","408,05","402,26","19,28M","0,83%"
"08/08/2024","402,69","402,44","405,86","399,94","20,20M","1,07%"
"07/08/2024","398,43","408,64","410,08","397,47","20,65M","-0,30%"
"06/08/2024","399,61","400,00","405,67","398,50","24,95M","1,13%"
"05/08/2024","395,15","389,17","401,04","385,58","40,71M","-3,27%"
"02/08/2024","408,49","412,49","415,00","404,34","29,44M","-2,07%"
"01/08/2024","417,11","420,79","427,46","413,09","30,30M","-0,30%"
"31/07/2024","418,35","420,49","421,77","412,21","42,89M","-1,08%"
"30/07/2024","422,92","427,72","429,05","417,36","32,69M","-0,89%"
"29/07/2024","426,73","431,58","432,15","424,70","15,13M","0,34%"
"26/07/2024","425,27","418,20","428,92","417,27","23,58M","1,64%"
"25/07/2024","418,40","428,80","429,80","417,51","29,94M","-2,45%"
"24/07/2024","428,90","440,45","441,48","427,58","26,81M","-3,59%"
"23/07/2024","444,85","443,89","448,39","443,10","13,11M","0,43%"
"22/07/2024","442,94","441,79","444,60","438,91","15,81M","1,33%"
"19/07/2024","437,11","433,10","441,14","432,00","20,94M","-0,74%"
"18/07/2024","440,37","444,34","444,65","434,40","20,79M","-0,71%"
"17/07/2024","443,52","442,59","444,85","439,18","21,75M","-1,33%"
"16/07/2024","449,52","454,22","454,30","446,66","17,18M","-0,98%"
"15/07/2024","453,96","453,30","457,26","451,43","14,43M","0,09%"
"12/07/2024","453,55","454,33","456,36","450,64","16,32M","-0,25%"
"11/07/2024","454,70","462,98","464,78","451,55","23,11M","-2,48%"
"10/07/2024","466,25","461,22","466,46","458,86","18,20M","1,46%"
"09/07/2024","459,54","467,00","467,33","458,00","17,23M","-1,44%"
"08/07/2024","466,24","466,55","467,70","464,46","12,96M","-0,28%"
"05/07/2024","467,56","459,61","468,35","458,96","16,00M","1,47%"
"03/07/2024","460,77","458,19","461,02","457,88","9,93M","0,32%"
"02/07/2024","459,28","453,20","459,59","453,11","13,98M","0,56%"
"01/07/2024","456,73","448,66","457,37","445,66","17,66M","2,19%"
"28/06/2024","446,95","453,07","455,38","446,41","28,36M","-1,30%"
"27/06/2024","452,85","452,17","456,17","451,77","14,81M","0,15%"
"26/06/2024","452,16","449,00","453,60","448,19","16,51M","0,27%"
"25/06/2024","450,95","448,25","451,42","446,75","16,75M","0,73%"
"24/06/2024","447,67","449,80","452,75","446,41","15,91M","-0,47%"
"21/06/2024","449,78","447,38","450,58","446,51","34,49M","0,92%"
"20/06/2024","445,70","446,30","446,53","441,27","19,88M","-0,14%"
"18/06/2024","446,34","449,70","450,14","444,89","17,11M","-0,45%"
"17/06/2024","448,37","442,58","450,94","440,72","20,79M","1,31%"
"14/06/2024","442,57","438,27","443,14","436,72","13,58M","0,22%"
"13/06/2024","441,58","440,85","443,39","439,37","15,96M","0,12%"
"12/06/2024","441,06","435,32","443,40","433,25","22,37M","1,94%"
"11/06/2024","432,68","425,48","432,82","425,25","14,55M","1,12%"
"10/06/2024","427,87","424,70","428,08","423,89","14,00M","0,95%"
"07/06/2024","423,85","426,20","426,28","423,00","13,62M","-0,16%"
"06/06/2024","424,52","424,01","425,31","420,58","14,86M","0,12%"
"05/06/2024","424,01","417,81","424,08","416,30","16,99M","1,91%"
"04/06/2024","416,07","412,43","416,44","409,67","14,35M","0,62%"
"03/06/2024","413,52","415,52","416,43","408,92","17,48M","-0,39%"
"31/05/2024","415,13","416,75","416,75","404,51","48,00M","0,11%"
"30/05/2024","414,67","424,30","424,30","414,24","28,42M","-3,38%"
"29/05/2024","429,17","425,69","430,94","425,69","15,52M","-0,27%"
"28/05/2024","430,32","429,63","430,82","426,60","15,72M","0,04%"
"24/05/2024","430,16","427,19","431,05","424,41","11,86M","0,74%"
"23/05/2024","427,00","432,97","433,60","425,42","17,21M","-0,82%"
"22/05/2024","430,52","430,09","432,41","427,13","18,07M","0,34%"
"21/05/2024","429,04","426,83","432,97","424,85","21,45M","0,87%"
"20/05/2024","425,34","420,21","426,77","419,99","16,27M","1,22%"
"17/05/2024","420,21","422,54","422,92","418,02","15,35M","-0,19%"
"16/05/2024","420,99","421,80","425,42","420,35","17,53M","-0,49%"
"15/05/2024","423,08","417,90","423,81","417,27","22,24M","1,57%"
"14/05/2024","416,56","412,02","417,49","411,55","15,11M","0,69%"
"13/05/2024","413,72","418,01","418,35","410,82","15,44M","-0,25%"
"10/05/2024","414,74","412,93","415,38","411,80","13,40M","0,59%"
"09/05/2024","412,32","410,57","412,72","409,10","14,69M","0,43%"
"08/05/2024","410,54","408,17","412,23","406,71","11,79M","0,29%"
"07/05/2024","409,34","414,66","414,67","409,09","20,02M","-1,02%"
"06/05/2024","413,54","408,76","413,93","406,37","17,00M","1,69%"
"03/05/2024","406,66","402,28","407,15","401,86","17,45M","2,22%"
"02/05/2024","397,84","397,66","399,93","394,65","17,71M","0,73%"